timestamp,user_id,page_url,session_duration,country,device
2025-04-07 09:01:48,70457,/home,263,Swiss,desktop
2025-04-07 07:42:07,69876,/services,221,India,tablet
2025-04-07 02:00:48,67400,/about,296,Swiss,desktop
2025-04-07 03:26:08,52613,/services,113,Phill,tablet
2025-04-07 13:12:08,99873,/contact,248,US,mobile
2025-04-07 01:48:56,26639,/home,101,Aus,mobile
2025-04-06 15:33:39,30473,/contact,205,Swiss,tablet
2025-04-06 18:18:40,37630,/home,250,Phill,mobile
2025-04-07 06:37:05,57201,/about,170,US,desktop
2025-04-06 18:41:05,45106,/about,149,Phill,mobile
2025-04-07 04:06:38,42621,/contact,166,Phill,tablet
2025-04-07 08:52:59,31121,/contact,251,Aus,tablet
2025-04-07 15:06:57,31453,/home,241,India,tablet
2025-04-07 04:31:25,65810,/contact,109,Phill,mobile
2025-04-07 11:57:23,60011,/home,115,India,desktop
2025-04-06 18:22:47,94842,/contact,158,US,desktop
2025-04-06 18:19:17,26151,/home,209,Phill,desktop
2025-04-07 07:32:39,57208,/about,262,US,desktop
2025-04-06 18:34:03,18378,/home,199,India,mobile
2025-04-07 06:01:56,56321,/contact,178,India,tablet
2025-04-06 18:46:32,75480,/home,166,Swiss,desktop
2025-04-06 16:06:59,84193,/about,218,India,mobile
2025-04-06 22:36:00,45362,/home,181,Swiss,tablet
2025-04-07 06:19:19,96164,/services,142,US,tablet
2025-04-07 14:52:13,31248,/services,237,India,desktop
2025-04-06 16:55:14,98714,/services,298,Swiss,tablet
2025-04-07 03:14:31,62301,/contact,177,India,mobile
2025-04-07 04:08:32,47113,/contact,273,Swiss,desktop
2025-04-07 01:43:38,48525,/about,232,India,desktop
2025-04-06 23:08:03,74197,/home,108,India,desktop
2025-04-06 21:08:33,32083,/about,103,US,tablet
2025-04-07 03:15:23,25013,/services,146,India,desktop
2025-04-06 20:15:28,23655,/services,154,Swiss,desktop
2025-04-07 00:49:01,37341,/about,264,Aus,mobile
2025-04-07 03:08:24,40282,/services,295,US,desktop
2025-04-06 16:54:00,49127,/contact,276,Swiss,mobile
2025-04-07 12:31:15,28974,/contact,105,India,tablet
2025-04-07 15:12:23,10610,/contact,281,Swiss,desktop
2025-04-06 15:51:28,24708,/about,290,Aus,mobile
2025-04-07 05:03:20,43655,/contact,252,Aus,desktop
2025-04-07 06:07:25,27602,/home,283,Swiss,mobile
2025-04-07 11:52:06,82091,/services,114,US,tablet
2025-04-06 22:15:23,59635,/home,105,Phill,desktop
2025-04-06 18:16:41,96991,/contact,153,US,tablet
2025-04-07 07:18:41,74064,/services,300,India,mobile
2025-04-07 12:31:37,85081,/about,234,Phill,desktop
2025-04-07 02:51:15,35501,/home,217,India,mobile
2025-04-07 05:24:18,75860,/contact,179,Aus,tablet
2025-04-06 18:14:53,61935,/services,174,Swiss,mobile
2025-04-06 21:29:03,12802,/services,260,Phill,tablet
2025-04-07 13:28:20,48965,/contact,206,US,desktop
2025-04-07 14:46:33,15135,/services,148,Aus,mobile
2025-04-06 17:33:04,36429,/home,160,Aus,mobile
2025-04-06 21:34:39,79592,/about,150,US,desktop
2025-04-07 14:09:19,48829,/services,233,US,tablet
2025-04-06 17:32:40,11890,/home,253,Phill,mobile
2025-04-07 08:23:28,43567,/services,287,Swiss,mobile
2025-04-07 00:55:52,87161,/contact,149,US,mobile
2025-04-06 22:37:37,54194,/contact,213,Swiss,mobile
2025-04-07 09:38:43,37616,/contact,173,US,desktop
2025-04-07 01:45:01,31787,/contact,186,Phill,mobile
2025-04-06 23:59:56,30105,/home,222,US,mobile
2025-04-06 21:13:29,56273,/about,282,India,desktop
2025-04-06 17:46:04,69089,/home,184,India,mobile
2025-04-07 05:08:48,98291,/about,138,Swiss,tablet
2025-04-07 03:42:18,83263,/home,252,Phill,desktop
2025-04-07 07:06:03,29409,/services,148,Aus,tablet
2025-04-06 16:04:12,65398,/services,289,Swiss,mobile
2025-04-07 14:49:04,96664,/home,269,India,tablet
2025-04-06 23:37:16,61213,/home,218,Swiss,desktop
2025-04-07 04:41:41,53752,/home,177,US,mobile
2025-04-07 12:46:28,14915,/home,114,Phill,tablet
2025-04-07 00:52:03,91288,/home,111,Swiss,mobile
2025-04-07 09:14:54,35011,/home,273,Swiss,desktop
2025-04-07 11:44:51,20006,/services,222,India,mobile
2025-04-07 08:23:25,82977,/home,216,US,desktop
2025-04-06 15:46:29,96277,/contact,231,India,mobile
2025-04-07 09:25:44,84205,/services,223,US,desktop
2025-04-06 21:39:17,46260,/home,244,Swiss,mobile
2025-04-07 07:09:06,66371,/about,298,Aus,tablet
2025-04-06 22:06:39,13124,/home,217,US,mobile
2025-04-07 02:04:46,21797,/about,191,US,desktop
2025-04-06 17:08:29,11114,/home,172,US,desktop
2025-04-06 23:12:31,89147,/about,223,India,desktop
2025-04-06 17:21:23,46917,/services,201,Aus,mobile
2025-04-07 08:11:23,63831,/home,108,Aus,tablet
2025-04-07 01:30:37,49519,/home,222,India,tablet
2025-04-07 04:25:45,35077,/about,207,India,tablet
2025-04-07 08:06:10,14323,/home,133,Aus,mobile
2025-04-07 09:13:14,62653,/about,253,India,mobile
2025-04-07 00:30:14,28194,/contact,287,US,desktop
2025-04-07 13:17:37,15747,/about,161,Phill,desktop
2025-04-07 07:49:46,13669,/services,176,Swiss,tablet
2025-04-07 07:43:32,38985,/services,124,Swiss,desktop
2025-04-07 03:20:28,31055,/home,266,Phill,tablet
2025-04-07 07:40:59,18335,/contact,255,US,tablet
2025-04-07 02:38:29,39339,/contact,178,India,tablet
2025-04-07 11:38:18,48361,/contact,239,Aus,desktop
2025-04-06 18:25:59,78591,/contact,288,Phill,mobile
2025-04-06 16:14:13,55307,/home,183,Aus,tablet
2025-04-06 19:26:53,66894,/home,174,India,desktop
2025-04-07 11:56:59,58420,/services,163,Phill,mobile
2025-04-07 05:39:10,57567,/home,212,Phill,desktop
2025-04-07 12:15:03,24552,/home,128,India,tablet
2025-04-07 03:27:08,81133,/contact,133,Aus,mobile
2025-04-06 21:30:18,21803,/contact,178,US,mobile
2025-04-06 22:07:17,16110,/contact,215,India,mobile
2025-04-07 15:21:27,59801,/contact,117,Aus,tablet
2025-04-06 23:15:34,43603,/home,281,India,mobile
2025-04-07 01:14:46,35280,/services,276,Aus,tablet
2025-04-06 20:20:35,60357,/about,198,Phill,tablet
2025-04-06 22:00:42,18092,/about,112,Phill,mobile
2025-04-06 18:53:47,31906,/services,106,US,tablet
2025-04-07 01:32:29,28162,/about,198,Aus,tablet
2025-04-07 08:44:28,73230,/contact,220,Aus,tablet
2025-04-07 05:06:54,63752,/contact,145,Phill,tablet
2025-04-07 07:31:49,49175,/home,231,US,mobile
2025-04-07 12:33:48,11112,/contact,202,Swiss,tablet
2025-04-07 00:32:35,13854,/contact,264,Swiss,desktop
2025-04-07 08:34:28,66303,/services,291,Aus,desktop
2025-04-07 11:00:25,25446,/services,104,US,mobile
2025-04-07 01:05:44,90062,/services,232,US,mobile
2025-04-07 14:43:20,26017,/home,163,US,desktop
2025-04-07 00:47:52,64191,/home,289,Aus,desktop
2025-04-07 08:25:13,20321,/home,231,Swiss,mobile
2025-04-07 08:23:34,64151,/contact,190,Swiss,tablet
2025-04-07 01:13:36,88431,/home,173,US,mobile
2025-04-07 05:01:01,57637,/contact,286,US,tablet
2025-04-07 12:41:45,83704,/contact,101,US,desktop
2025-04-07 13:05:47,23085,/home,198,Swiss,tablet
2025-04-06 16:53:43,97310,/home,283,Swiss,mobile
2025-04-07 14:51:33,57439,/home,229,India,mobile
2025-04-07 08:55:12,35114,/about,214,Aus,mobile
2025-04-07 00:27:56,36662,/services,233,India,mobile
2025-04-07 02:23:16,64869,/home,213,Swiss,tablet
2025-04-07 04:11:39,43412,/about,278,Swiss,mobile
2025-04-06 18:36:33,11942,/home,117,Aus,tablet
2025-04-06 17:13:54,22359,/services,107,India,tablet
2025-04-07 09:35:16,17094,/services,138,Swiss,tablet
2025-04-06 15:31:55,72135,/services,200,Aus,mobile
2025-04-07 09:45:41,40679,/home,143,India,desktop
2025-04-07 00:44:15,19963,/home,276,India,desktop
2025-04-07 01:46:22,71779,/contact,103,Phill,tablet
2025-04-06 23:57:10,14069,/home,159,Phill,mobile
2025-04-06 22:14:58,64462,/about,122,India,desktop
2025-04-07 02:49:10,28416,/services,211,Aus,mobile
2025-04-06 20:42:39,87068,/contact,149,Aus,desktop
2025-04-06 18:02:56,21949,/about,209,Phill,desktop
2025-04-06 15:30:29,23525,/services,228,Phill,mobile
2025-04-06 15:39:56,67754,/contact,110,Aus,tablet
2025-04-07 02:57:34,55116,/about,117,Phill,mobile
2025-04-07 11:15:50,42963,/about,182,Aus,tablet
2025-04-07 05:46:43,23957,/contact,138,US,desktop
2025-04-07 07:10:43,22383,/about,162,Swiss,desktop
2025-04-06 16:52:03,65934,/about,138,Swiss,mobile
2025-04-07 09:26:19,46992,/about,128,India,desktop
2025-04-07 09:29:46,42015,/contact,214,US,mobile
2025-04-06 18:21:45,73350,/about,199,Swiss,tablet
2025-04-07 09:08:49,25593,/contact,107,India,desktop
2025-04-07 10:42:56,11484,/contact,206,Aus,mobile
2025-04-07 04:40:15,79154,/home,109,Phill,desktop
2025-04-06 17:36:30,86995,/about,255,India,desktop
2025-04-07 06:44:01,27884,/services,126,India,mobile
2025-04-06 19:26:06,35752,/home,252,US,tablet
2025-04-06 18:10:29,97431,/contact,199,Swiss,desktop
2025-04-07 08:50:40,17227,/home,186,India,tablet
2025-04-07 08:40:23,21739,/contact,214,Phill,tablet
2025-04-07 10:59:35,62416,/services,206,India,tablet
2025-04-07 01:05:42,39502,/services,226,US,tablet
2025-04-07 13:02:57,17631,/home,195,US,tablet
2025-04-07 08:53:59,96976,/contact,212,Phill,mobile
2025-04-07 05:45:17,37203,/services,171,Swiss,mobile
2025-04-07 06:58:18,87563,/contact,272,Aus,desktop
2025-04-07 14:24:19,99704,/home,125,Aus,tablet
2025-04-06 16:25:46,92426,/services,140,US,mobile
2025-04-07 06:31:28,94156,/contact,185,Aus,desktop
2025-04-07 03:14:18,69637,/contact,185,India,desktop
2025-04-07 06:43:11,93669,/services,292,US,mobile
2025-04-06 23:18:49,67508,/contact,110,Aus,tablet
2025-04-06 16:21:26,64690,/home,289,Swiss,tablet
2025-04-07 01:26:05,55732,/services,164,Phill,mobile
2025-04-06 16:50:15,74761,/services,289,US,mobile
2025-04-07 00:38:16,72336,/about,143,India,tablet
2025-04-07 00:46:28,52299,/about,230,Swiss,desktop
2025-04-07 01:09:24,52281,/services,203,Swiss,desktop
2025-04-06 23:41:50,35800,/contact,105,Phill,mobile
2025-04-07 01:13:38,19775,/home,233,Aus,tablet
2025-04-07 00:34:08,46481,/services,183,Swiss,desktop
2025-04-07 02:17:28,77431,/services,137,India,tablet
2025-04-07 09:27:35,36149,/about,197,India,desktop
2025-04-07 06:29:36,21891,/home,128,Swiss,tablet
2025-04-06 22:12:59,69239,/about,181,Swiss,desktop
2025-04-07 07:06:56,56236,/services,299,Aus,desktop
2025-04-07 09:42:14,57671,/services,284,Aus,desktop
2025-04-07 10:14:19,50302,/contact,184,Phill,desktop
2025-04-07 10:20:33,75309,/contact,287,Aus,desktop
2025-04-07 08:35:52,42394,/contact,234,Swiss,desktop
2025-04-07 08:15:01,20765,/about,109,Aus,desktop
2025-04-07 01:29:35,32575,/services,116,India,desktop
2025-04-07 12:18:54,56580,/contact,213,US,mobile
2025-04-07 05:07:05,11488,/services,123,Phill,desktop
2025-04-07 06:29:29,61786,/contact,245,India,mobile
2025-04-06 19:46:49,20440,/services,146,US,tablet
2025-04-06 20:56:25,81571,/home,190,US,mobile
2025-04-07 02:23:54,99466,/home,273,Phill,mobile
2025-04-06 17:20:53,66203,/services,238,Swiss,mobile
2025-04-07 14:21:01,79461,/about,197,Aus,mobile
2025-04-07 01:59:53,35928,/services,154,Phill,mobile
2025-04-06 23:57:46,24758,/services,145,India,desktop
2025-04-06 22:12:53,77655,/home,247,US,mobile
2025-04-06 16:47:18,11316,/home,218,Phill,desktop
2025-04-07 08:14:26,24582,/services,178,US,tablet
2025-04-07 06:58:07,88195,/services,285,Aus,tablet
2025-04-06 18:15:05,99246,/home,288,Swiss,desktop
2025-04-07 09:55:44,28523,/home,224,Aus,desktop
2025-04-07 15:24:29,61206,/services,300,India,mobile
2025-04-07 03:42:59,69688,/contact,196,Aus,tablet
2025-04-06 16:05:21,10415,/services,266,Swiss,tablet
2025-04-06 18:58:07,21379,/services,243,India,tablet
2025-04-07 03:16:48,66067,/services,206,Swiss,mobile
2025-04-07 02:41:06,97001,/contact,160,Phill,tablet
2025-04-07 04:45:17,78357,/contact,124,Aus,desktop
2025-04-06 19:02:46,78842,/home,136,India,mobile
2025-04-06 18:29:05,80870,/home,136,Phill,tablet
2025-04-07 00:39:50,58191,/about,220,Phill,tablet
2025-04-07 11:30:35,30179,/about,102,Aus,mobile
2025-04-06 22:24:26,50895,/home,124,Phill,tablet
2025-04-07 09:15:46,15382,/home,210,Aus,mobile
2025-04-07 02:42:16,75274,/about,282,Phill,tablet
2025-04-06 19:47:09,33406,/about,111,Aus,desktop
2025-04-06 19:25:25,93038,/services,283,Swiss,desktop
2025-04-07 02:40:21,35258,/services,145,Aus,desktop
2025-04-07 02:37:24,71678,/about,150,Aus,mobile
2025-04-07 08:39:16,70965,/contact,217,Aus,mobile
2025-04-07 02:00:18,36999,/services,190,Aus,tablet
2025-04-06 19:38:01,97508,/services,171,Phill,desktop
2025-04-07 04:08:33,15226,/home,239,Swiss,mobile
2025-04-07 03:26:47,27150,/services,206,US,mobile
2025-04-06 21:55:17,24466,/contact,214,Phill,tablet
2025-04-06 20:25:39,45315,/home,177,US,desktop
2025-04-06 21:07:01,40396,/home,205,Swiss,mobile
2025-04-06 19:03:38,36989,/about,279,Aus,tablet
2025-04-07 11:02:09,97020,/home,281,Phill,desktop
2025-04-07 12:22:05,60260,/services,223,Phill,tablet
2025-04-07 02:35:34,40216,/about,175,Swiss,tablet
2025-04-06 22:48:05,14004,/contact,291,US,tablet
2025-04-06 16:15:39,47576,/about,278,Swiss,desktop
2025-04-06 20:37:42,85641,/contact,158,Aus,tablet
2025-04-06 21:30:30,69465,/about,243,Swiss,mobile
2025-04-06 16:26:30,18094,/services,218,US,mobile
2025-04-07 11:57:51,10587,/about,116,Phill,tablet
2025-04-06 22:11:26,29485,/services,137,Swiss,tablet
2025-04-06 20:55:32,77550,/services,283,US,mobile
2025-04-06 19:23:46,36621,/about,107,Phill,desktop
2025-04-07 05:00:49,41000,/services,233,Swiss,tablet
2025-04-07 01:04:14,93415,/services,248,Aus,tablet
2025-04-07 05:03:50,42082,/contact,274,Phill,tablet
2025-04-07 10:23:20,66038,/contact,246,India,tablet
2025-04-07 08:40:29,22100,/contact,289,Aus,desktop
2025-04-07 12:48:20,12638,/about,181,Aus,tablet
2025-04-06 19:55:17,61549,/about,132,Aus,desktop
2025-04-06 19:58:53,18303,/home,104,Swiss,desktop
2025-04-07 02:40:12,59326,/about,265,Swiss,desktop
2025-04-06 21:18:41,79714,/home,203,Aus,tablet
2025-04-07 11:33:07,81927,/services,299,Phill,desktop
2025-04-07 14:46:52,93967,/home,168,US,tablet
2025-04-07 10:55:29,31614,/home,118,US,tablet
2025-04-07 12:55:02,58205,/contact,226,Aus,tablet
2025-04-06 23:01:46,62774,/services,203,US,tablet
2025-04-07 03:37:26,36178,/contact,183,Aus,tablet
2025-04-07 05:21:58,12241,/services,241,Swiss,tablet
2025-04-06 18:49:12,82826,/about,113,India,tablet
2025-04-07 08:08:19,93310,/home,155,Aus,tablet
2025-04-06 20:28:13,75740,/home,179,US,tablet
2025-04-06 18:00:15,24586,/home,251,India,tablet
2025-04-06 20:03:55,84195,/services,222,Phill,desktop
2025-04-07 09:58:04,40665,/home,168,India,desktop
2025-04-06 17:25:33,90519,/services,111,Phill,tablet
2025-04-07 14:20:28,54625,/services,275,Phill,mobile
2025-04-06 16:22:37,45495,/contact,237,Aus,mobile
2025-04-07 05:51:38,97812,/home,277,Phill,mobile
2025-04-06 23:43:49,69638,/services,270,US,desktop
2025-04-07 04:45:23,86725,/about,153,India,desktop
2025-04-07 04:10:43,41544,/services,123,Phill,mobile
2025-04-06 19:43:57,11156,/home,101,Swiss,mobile
2025-04-07 09:41:00,22350,/contact,236,Aus,mobile
2025-04-07 02:15:26,54127,/home,107,Aus,tablet
2025-04-07 08:04:50,47744,/services,120,India,mobile
2025-04-06 20:44:09,69760,/services,136,Swiss,tablet
2025-04-06 21:56:26,27102,/contact,144,Phill,tablet
2025-04-07 00:12:35,72775,/services,277,Aus,tablet
2025-04-06 18:50:09,52605,/about,240,Aus,desktop
2025-04-06 17:36:55,41983,/contact,262,India,tablet
2025-04-07 14:54:14,97257,/services,230,Aus,mobile
2025-04-06 19:51:29,65045,/home,140,US,mobile
2025-04-07 05:59:18,26758,/home,246,US,desktop
2025-04-07 01:46:15,12000,/home,169,Phill,tablet
2025-04-07 07:23:01,45036,/contact,235,India,mobile
2025-04-06 20:26:36,35952,/contact,196,India,tablet
2025-04-07 03:48:39,47790,/home,200,US,mobile
2025-04-07 14:26:25,37526,/services,264,Phill,mobile
2025-04-06 22:07:38,76658,/home,171,Swiss,desktop
2025-04-06 19:43:31,16087,/home,171,Phill,tablet
2025-04-07 10:54:07,75502,/contact,250,Swiss,desktop
2025-04-07 06:13:53,78017,/services,244,US,mobile
2025-04-06 20:42:36,55396,/services,223,US,tablet
2025-04-07 00:01:16,97584,/home,193,Phill,tablet
2025-04-07 01:03:37,88486,/home,129,US,tablet
2025-04-07 09:50:01,61548,/services,109,US,tablet
2025-04-06 22:27:59,33282,/services,263,Swiss,mobile
2025-04-06 17:12:16,36605,/contact,203,Swiss,mobile
2025-04-06 17:44:54,34093,/home,287,Phill,desktop
2025-04-07 08:08:05,37871,/about,281,Phill,tablet
2025-04-06 23:59:04,66932,/services,285,Swiss,mobile
2025-04-07 14:54:21,78088,/services,164,Swiss,mobile
2025-04-06 16:05:38,10186,/services,138,Swiss,tablet
2025-04-06 23:10:20,75975,/services,253,India,desktop
2025-04-07 04:18:38,43337,/about,194,Phill,desktop
2025-04-07 02:54:28,97399,/about,171,India,tablet
2025-04-07 08:46:45,59466,/home,122,US,desktop
2025-04-06 23:31:34,94819,/services,253,US,tablet
2025-04-07 00:49:08,36279,/services,179,India,mobile
2025-04-06 15:38:35,51347,/contact,195,India,tablet
2025-04-07 12:20:27,73368,/contact,297,Swiss,tablet
2025-04-06 21:53:16,36493,/home,258,Aus,desktop
2025-04-06 20:23:27,49849,/services,126,US,tablet
2025-04-07 03:19:15,38172,/contact,229,Swiss,tablet
2025-04-06 22:30:18,71846,/about,174,India,mobile
2025-04-07 12:14:39,78606,/about,234,India,tablet
2025-04-07 10:52:21,69831,/contact,255,India,mobile
2025-04-07 05:09:32,45139,/services,107,India,mobile
2025-04-07 00:11:24,38581,/contact,241,Aus,mobile
2025-04-06 20:56:37,98228,/contact,283,India,desktop
2025-04-07 03:30:17,23664,/contact,185,India,mobile
2025-04-06 22:20:01,76510,/services,106,Phill,tablet
2025-04-07 03:19:30,96082,/home,190,Phill,tablet
2025-04-06 19:28:34,15379,/services,135,US,tablet
2025-04-07 02:25:38,43732,/contact,107,Phill,desktop
2025-04-07 01:49:11,20721,/services,224,Phill,tablet
2025-04-07 14:38:39,64524,/about,117,US,mobile
2025-04-07 12:09:12,78018,/services,106,Swiss,mobile
2025-04-07 04:21:01,50356,/services,156,Phill,mobile
2025-04-07 15:18:38,52568,/services,169,Aus,mobile
2025-04-06 23:28:39,18491,/services,118,Aus,mobile
2025-04-06 21:17:34,14018,/contact,169,Swiss,tablet
2025-04-07 13:25:21,37175,/home,265,Swiss,tablet
2025-04-07 08:40:54,30958,/about,193,India,mobile
2025-04-07 14:33:27,93693,/home,220,Phill,desktop
2025-04-07 14:07:02,68855,/contact,224,US,tablet
2025-04-07 04:16:57,72935,/services,193,Aus,tablet
2025-04-06 18:20:45,68317,/services,240,India,tablet
2025-04-07 00:22:07,62332,/contact,171,Aus,desktop
2025-04-06 22:26:51,36968,/contact,138,US,desktop
2025-04-07 01:23:41,82061,/about,134,Swiss,tablet
2025-04-07 04:24:00,48512,/services,280,Phill,mobile
2025-04-07 06:57:22,31035,/about,251,India,tablet
2025-04-06 23:35:12,38443,/about,112,US,mobile
2025-04-06 22:32:34,11782,/home,181,Phill,desktop
2025-04-07 07:09:46,67911,/contact,202,Swiss,desktop
2025-04-06 23:08:19,82789,/services,165,India,tablet
2025-04-07 00:51:21,21423,/home,263,India,tablet
2025-04-06 21:45:46,75636,/about,177,India,desktop
2025-04-06 21:49:14,62188,/about,227,US,desktop
2025-04-07 00:15:32,44449,/about,256,Phill,mobile
2025-04-07 00:10:17,96307,/home,148,Phill,mobile
2025-04-07 01:49:52,51437,/about,123,India,tablet
2025-04-07 07:45:00,61371,/about,121,India,desktop
2025-04-06 19:41:13,32338,/home,198,Swiss,mobile
2025-04-06 18:13:46,72725,/home,278,Phill,tablet
2025-04-07 09:04:56,51910,/services,165,Swiss,tablet
2025-04-06 17:28:07,22519,/home,242,Aus,mobile
2025-04-06 20:16:42,80311,/about,293,Phill,desktop
2025-04-07 03:54:36,69852,/services,141,Phill,mobile
2025-04-07 12:43:52,86092,/about,231,US,desktop
2025-04-07 03:11:16,47878,/home,270,Aus,desktop
2025-04-07 13:19:13,71091,/services,261,Phill,desktop
2025-04-06 17:07:07,43781,/services,241,US,desktop
2025-04-07 15:17:14,95225,/home,257,India,tablet
2025-04-07 02:42:56,91213,/about,160,Aus,mobile
2025-04-07 05:24:05,96102,/about,299,India,tablet
2025-04-06 16:09:12,40470,/about,166,Aus,desktop
2025-04-07 05:42:01,19647,/about,202,US,mobile
2025-04-07 08:56:29,27620,/contact,106,Phill,mobile
2025-04-07 02:08:03,46192,/contact,173,Aus,desktop
2025-04-06 18:09:43,23688,/home,265,US,desktop
2025-04-07 05:00:04,79295,/contact,209,Swiss,tablet
2025-04-06 22:14:12,12747,/services,263,Swiss,tablet
2025-04-06 16:25:05,67579,/services,259,Swiss,mobile
2025-04-06 16:28:48,15729,/services,106,Aus,mobile
2025-04-07 02:40:18,99061,/home,108,US,mobile
2025-04-06 16:08:59,48573,/services,279,Swiss,mobile
2025-04-06 20:49:26,50363,/services,274,US,tablet
2025-04-07 05:35:17,69821,/home,196,US,tablet
2025-04-06 20:58:19,82842,/home,295,Phill,tablet
2025-04-07 13:02:15,57788,/services,205,Swiss,desktop
2025-04-07 12:32:51,46148,/contact,255,India,tablet
2025-04-07 15:10:42,89345,/contact,175,Aus,desktop
2025-04-07 12:03:37,41483,/home,161,Swiss,mobile
2025-04-07 03:07:39,37772,/home,169,US,desktop
2025-04-07 00:40:14,42483,/home,232,Phill,desktop
2025-04-07 05:44:52,83600,/about,291,Aus,mobile
2025-04-07 15:25:19,77275,/contact,130,Swiss,mobile
2025-04-07 04:30:44,29288,/home,111,Swiss,tablet
2025-04-07 06:07:56,54558,/contact,123,US,tablet
2025-04-07 13:20:52,58300,/contact,143,Phill,mobile
2025-04-06 23:32:00,88943,/home,212,Aus,mobile
2025-04-06 23:51:21,40160,/contact,209,US,mobile
2025-04-07 02:13:36,13290,/about,131,Phill,desktop
2025-04-06 21:50:49,22852,/contact,235,Aus,mobile
2025-04-07 08:56:10,92070,/home,299,Aus,mobile
2025-04-07 06:38:12,60317,/home,276,Aus,mobile
2025-04-07 07:24:46,47585,/home,239,Aus,desktop
2025-04-07 06:20:12,56606,/about,297,Swiss,desktop
2025-04-07 02:58:27,58468,/about,298,US,tablet
2025-04-07 12:21:16,85904,/about,159,India,desktop
2025-04-07 02:04:53,76729,/about,134,US,tablet
2025-04-07 14:09:03,91502,/services,239,India,desktop
2025-04-07 02:29:58,10092,/services,239,Swiss,desktop
2025-04-07 14:32:52,65607,/contact,276,India,desktop
2025-04-06 18:35:41,80028,/contact,276,India,desktop
2025-04-07 07:45:11,34703,/contact,269,Phill,mobile
2025-04-06 23:15:04,58223,/contact,237,Phill,desktop
2025-04-07 07:49:42,68676,/contact,131,India,tablet
2025-04-07 04:17:16,73916,/home,153,India,tablet
2025-04-07 01:14:11,45871,/about,290,India,tablet
2025-04-07 06:50:14,52775,/services,205,US,desktop
2025-04-06 16:56:58,82675,/contact,215,US,tablet
2025-04-07 10:09:33,53685,/contact,158,Aus,mobile
2025-04-06 23:23:44,37942,/services,264,Phill,mobile
2025-04-07 09:28:01,61671,/home,135,India,desktop
2025-04-07 11:25:35,37608,/contact,169,Phill,mobile
2025-04-06 17:01:44,40347,/services,130,Swiss,mobile
2025-04-07 08:06:10,48324,/contact,104,India,tablet
2025-04-06 19:23:04,50970,/about,119,Aus,mobile
2025-04-07 04:13:00,98429,/contact,224,Aus,tablet
2025-04-07 06:55:53,25005,/services,282,US,mobile
2025-04-07 03:29:17,88363,/home,139,Phill,mobile
2025-04-07 03:31:47,42675,/services,241,US,tablet
2025-04-07 02:35:38,87831,/about,233,Aus,tablet
2025-04-07 05:43:48,68167,/about,191,US,mobile
2025-04-06 16:10:48,38036,/contact,254,US,desktop
2025-04-06 17:46:05,85577,/home,165,US,mobile
2025-04-06 16:52:28,75355,/home,294,Swiss,desktop
2025-04-07 02:14:26,74658,/home,192,Swiss,desktop
2025-04-06 15:47:44,42645,/services,252,India,desktop
2025-04-06 16:04:54,53236,/about,162,US,tablet
2025-04-06 20:08:23,17157,/services,221,India,tablet
2025-04-06 20:27:32,58916,/home,145,US,mobile
2025-04-07 00:20:28,90993,/services,285,US,tablet
2025-04-07 12:07:23,20000,/about,164,US,mobile
2025-04-07 00:29:57,90785,/about,271,Phill,mobile
2025-04-07 12:03:02,48904,/about,204,US,mobile
2025-04-07 08:14:25,67788,/home,160,US,tablet
2025-04-07 11:19:48,47373,/contact,255,Aus,tablet
2025-04-07 09:54:17,24839,/services,258,Swiss,mobile
2025-04-07 03:54:40,50673,/contact,183,Swiss,tablet
2025-04-07 11:13:03,67428,/about,200,Aus,mobile
2025-04-06 19:22:49,36214,/services,286,Swiss,desktop
2025-04-07 14:50:28,24282,/contact,276,India,tablet
2025-04-07 09:07:04,62453,/home,159,Swiss,desktop
2025-04-06 19:47:17,34389,/home,195,Aus,mobile
2025-04-07 07:27:38,78377,/about,251,Phill,mobile
2025-04-07 15:12:21,26556,/about,138,India,mobile
2025-04-07 06:09:25,99641,/about,115,US,mobile
2025-04-06 22:46:31,74304,/services,139,Phill,desktop
2025-04-07 00:40:05,91254,/home,172,Swiss,tablet
2025-04-07 01:31:11,69692,/home,243,Aus,tablet
2025-04-07 11:34:07,52811,/home,277,India,desktop
2025-04-06 22:27:54,26205,/contact,176,US,desktop
2025-04-07 01:46:08,48205,/contact,266,Phill,desktop
2025-04-07 06:59:22,28547,/about,270,India,tablet
2025-04-07 02:38:23,50308,/home,254,US,mobile
2025-04-07 13:13:10,51839,/home,278,Swiss,tablet
2025-04-07 06:22:18,81379,/about,134,Swiss,desktop
2025-04-07 00:26:47,46449,/contact,161,Aus,desktop
2025-04-06 22:12:49,84116,/services,250,Swiss,tablet
2025-04-06 19:37:31,25749,/services,158,Swiss,mobile
2025-04-06 18:01:30,49475,/services,110,Aus,desktop
2025-04-07 06:42:55,98587,/home,270,US,mobile
2025-04-06 19:17:49,11042,/services,230,Swiss,tablet
2025-04-06 18:02:30,34515,/services,206,Phill,desktop
2025-04-07 03:32:24,70675,/services,241,US,tablet
2025-04-07 03:35:38,87796,/about,149,India,mobile
2025-04-07 01:03:05,63968,/about,244,US,desktop
2025-04-07 01:47:21,66099,/about,104,US,tablet
2025-04-07 09:54:08,81194,/services,107,US,mobile
2025-04-06 18:24:18,77664,/contact,235,US,tablet
2025-04-06 17:47:35,59896,/contact,238,Phill,mobile
2025-04-07 08:20:35,71984,/about,193,US,mobile
2025-04-06 21:37:59,84362,/contact,293,Aus,mobile
2025-04-06 19:54:53,43605,/about,114,US,tablet
2025-04-06 23:41:20,99257,/about,232,US,desktop
2025-04-07 13:01:57,75291,/contact,255,Phill,mobile
2025-04-07 05:06:51,46827,/about,250,Swiss,desktop
2025-04-07 13:08:20,84682,/services,193,Swiss,desktop
2025-04-07 01:16:54,12852,/about,124,Phill,mobile
2025-04-07 09:44:52,75699,/services,201,US,desktop
2025-04-06 18:59:02,38081,/contact,156,Aus,desktop
2025-04-07 10:28:11,91365,/contact,127,Aus,desktop
2025-04-07 09:31:50,29290,/services,288,Swiss,tablet
2025-04-06 15:39:27,93484,/contact,131,Swiss,desktop
2025-04-06 20:37:07,68815,/home,147,Aus,tablet
2025-04-06 19:39:21,24136,/home,256,India,desktop
2025-04-07 04:28:11,32127,/about,140,US,desktop
2025-04-07 01:33:38,67622,/services,105,Aus,tablet
2025-04-06 21:20:31,96312,/about,131,Aus,tablet
2025-04-06 22:18:44,28857,/about,197,Phill,desktop
2025-04-07 00:21:20,57523,/contact,111,Swiss,mobile
2025-04-06 20:07:29,85349,/home,246,US,desktop
2025-04-06 22:48:49,38284,/services,125,US,mobile
2025-04-07 01:02:45,47190,/about,264,Swiss,mobile
2025-04-06 17:35:41,87104,/about,155,Swiss,desktop
2025-04-07 12:07:20,49181,/services,196,Aus,tablet
2025-04-07 07:35:45,44667,/services,127,Aus,mobile
2025-04-06 23:52:49,21136,/home,184,Aus,tablet
2025-04-06 23:58:12,17042,/contact,275,India,desktop
2025-04-07 04:13:57,82369,/services,154,India,desktop
2025-04-07 07:27:31,40072,/home,286,Aus,tablet
2025-04-06 17:04:34,98440,/home,216,India,mobile
2025-04-06 21:49:02,80176,/contact,164,Aus,desktop
2025-04-06 23:12:11,37551,/contact,119,Aus,desktop
2025-04-06 20:18:57,59192,/services,201,India,desktop
2025-04-06 15:29:45,27991,/home,113,Swiss,desktop
2025-04-07 09:00:52,34273,/services,297,India,mobile
2025-04-07 06:26:22,90665,/contact,238,Swiss,tablet
2025-04-07 07:56:32,15887,/about,175,US,mobile
2025-04-07 11:46:23,12162,/about,204,India,desktop
2025-04-07 00:54:34,99826,/contact,141,Aus,desktop
2025-04-07 02:47:45,73218,/contact,129,Swiss,tablet
2025-04-06 23:27:39,62840,/contact,262,India,desktop
2025-04-07 03:28:02,60851,/contact,264,Swiss,mobile
2025-04-07 10:17:16,64573,/contact,196,Swiss,desktop
2025-04-06 19:40:24,76364,/contact,274,Aus,desktop
2025-04-06 18:51:16,95112,/services,138,Aus,mobile
2025-04-07 10:32:12,86677,/services,137,US,mobile
2025-04-06 16:17:23,71704,/contact,137,Swiss,tablet
2025-04-07 02:31:33,20081,/contact,247,Aus,mobile
2025-04-07 08:02:51,71019,/contact,192,Aus,mobile
2025-04-06 15:45:49,50573,/about,178,US,desktop
2025-04-07 04:52:23,31386,/home,241,Aus,desktop
2025-04-07 04:49:52,18708,/contact,136,Phill,desktop
2025-04-07 02:07:51,16846,/services,174,Swiss,desktop
2025-04-06 18:22:16,59137,/home,271,India,desktop
2025-04-07 14:49:50,83509,/contact,157,Swiss,desktop
2025-04-07 07:46:58,17350,/about,216,India,desktop
2025-04-06 19:17:28,11648,/home,232,India,tablet
2025-04-06 20:58:51,82314,/home,298,US,mobile
2025-04-06 19:32:52,41671,/services,184,US,tablet
2025-04-06 16:47:51,18499,/contact,162,India,mobile
2025-04-06 20:33:58,68885,/services,111,US,tablet
2025-04-06 19:38:30,86915,/about,231,Swiss,tablet
2025-04-07 02:39:46,81449,/home,118,Phill,mobile
2025-04-07 04:20:59,17509,/contact,291,Aus,desktop
2025-04-07 02:50:56,39865,/about,117,Swiss,mobile
2025-04-07 06:33:43,50107,/home,288,Swiss,tablet
2025-04-06 15:58:49,66310,/contact,106,US,tablet
2025-04-07 00:16:34,49843,/home,238,Swiss,mobile
2025-04-06 23:27:47,17805,/home,147,Phill,mobile
2025-04-07 09:40:38,84441,/services,197,India,tablet
2025-04-06 20:01:28,42494,/services,156,US,desktop
2025-04-06 22:46:05,88369,/about,154,US,mobile
2025-04-07 08:09:56,63197,/about,239,Swiss,tablet
2025-04-07 02:46:13,85327,/services,256,Swiss,mobile
2025-04-07 13:06:31,45010,/contact,202,Phill,tablet
2025-04-07 05:45:34,98516,/contact,134,Phill,desktop
2025-04-07 10:24:53,65656,/services,137,Phill,desktop
2025-04-06 23:40:27,53554,/about,259,US,tablet
2025-04-06 21:54:10,38949,/services,238,Aus,tablet
2025-04-06 19:48:44,96374,/about,140,Aus,desktop
2025-04-06 22:26:35,23318,/services,161,Aus,desktop
2025-04-07 13:11:47,22013,/contact,167,Aus,desktop
2025-04-06 16:35:36,45839,/home,142,India,tablet
2025-04-07 03:35:38,92149,/services,114,Swiss,tablet
2025-04-06 22:33:18,94057,/contact,138,India,desktop
2025-04-06 20:53:03,16038,/home,207,Aus,tablet
2025-04-06 16:02:32,48511,/services,288,India,desktop
2025-04-07 03:30:36,95494,/home,129,India,mobile
2025-04-07 12:57:20,31043,/contact,222,Swiss,mobile
2025-04-06 19:28:15,31030,/home,269,Aus,tablet
2025-04-07 10:32:31,21796,/about,121,Phill,mobile
2025-04-06 23:07:04,45789,/contact,109,Swiss,tablet
2025-04-07 14:20:38,17382,/home,289,Swiss,desktop
2025-04-07 05:38:11,35370,/services,118,India,desktop
2025-04-06 18:12:43,12801,/contact,254,India,desktop
2025-04-07 05:08:02,47938,/contact,193,Phill,mobile
2025-04-06 21:18:29,79672,/contact,232,Phill,tablet
2025-04-06 21:41:18,34388,/home,141,Aus,desktop
2025-04-06 19:58:42,72146,/home,225,Phill,tablet
2025-04-06 18:54:21,47706,/contact,197,India,tablet
2025-04-07 02:23:03,18425,/home,153,Phill,tablet
2025-04-07 06:27:32,39244,/services,231,Aus,tablet
2025-04-06 21:13:05,79431,/contact,241,Swiss,desktop
2025-04-07 11:47:19,86181,/home,135,India,mobile
2025-04-06 23:27:38,56562,/about,135,Swiss,mobile
2025-04-06 19:57:06,63321,/home,224,Swiss,desktop
2025-04-06 20:59:44,95876,/home,116,Aus,tablet
2025-04-07 08:44:25,56762,/about,174,Swiss,desktop
2025-04-07 13:40:42,10545,/about,262,Aus,desktop
2025-04-06 17:28:48,97137,/contact,140,Aus,mobile
2025-04-07 13:02:37,10626,/services,106,Swiss,tablet
2025-04-07 05:17:33,80674,/services,224,US,mobile
2025-04-07 07:23:29,27834,/about,279,Aus,desktop
2025-04-07 01:29:15,36431,/contact,177,Swiss,tablet
2025-04-07 08:33:56,81911,/services,226,Aus,tablet
2025-04-07 08:43:56,64553,/about,121,Aus,desktop
2025-04-06 21:03:37,37248,/about,174,Swiss,mobile
2025-04-07 11:43:44,44698,/contact,265,Swiss,tablet
2025-04-07 15:19:28,66626,/home,270,Phill,mobile
2025-04-06 16:20:32,95427,/contact,250,Swiss,tablet
2025-04-07 11:26:28,33196,/contact,273,Swiss,tablet
2025-04-06 19:44:53,28792,/about,154,Phill,mobile
2025-04-07 03:43:35,64588,/contact,189,Aus,tablet
2025-04-06 22:03:17,90493,/services,146,Swiss,mobile
2025-04-06 16:37:34,14177,/home,156,US,mobile
2025-04-06 22:39:42,32468,/services,266,US,desktop
2025-04-07 13:03:22,10541,/about,162,Phill,desktop
2025-04-07 06:48:04,72392,/contact,204,Swiss,desktop
2025-04-06 16:39:59,84055,/home,274,Swiss,mobile
2025-04-06 19:22:20,18735,/about,291,Phill,mobile
2025-04-07 13:06:17,13108,/contact,147,Swiss,mobile
2025-04-07 08:39:13,44751,/contact,202,Aus,desktop
2025-04-07 12:08:03,95618,/home,207,US,tablet
2025-04-07 09:52:39,63664,/services,265,Aus,tablet
2025-04-07 11:15:48,72250,/contact,252,Swiss,tablet
2025-04-06 23:09:18,34514,/services,165,Aus,mobile
2025-04-07 13:25:02,61804,/services,270,US,tablet
2025-04-07 10:33:45,64579,/home,282,India,desktop
2025-04-07 13:27:12,24298,/contact,205,Aus,mobile
2025-04-07 05:33:34,74704,/contact,136,US,tablet
2025-04-07 08:02:20,12886,/services,183,US,mobile
2025-04-07 14:26:57,61176,/home,192,US,tablet
2025-04-06 20:35:56,43422,/contact,210,India,desktop
2025-04-07 08:17:31,69940,/home,279,US,desktop
2025-04-07 04:11:35,17286,/about,196,Phill,tablet
2025-04-06 15:43:08,15563,/about,233,India,desktop
2025-04-06 16:09:38,84959,/home,107,Swiss,mobile
2025-04-07 07:03:22,64795,/about,276,Swiss,tablet
2025-04-07 08:27:04,37602,/services,148,Swiss,desktop
2025-04-07 12:43:19,30365,/about,170,Phill,desktop
2025-04-07 05:24:36,86231,/contact,130,Aus,desktop
2025-04-06 21:58:41,81950,/home,122,Phill,mobile
2025-04-06 16:49:08,83183,/about,198,Swiss,mobile
2025-04-06 22:37:09,22240,/contact,294,Phill,tablet
2025-04-06 23:35:31,84347,/services,175,Aus,desktop
2025-04-06 20:59:54,36543,/about,150,Swiss,tablet
2025-04-06 18:33:41,84794,/contact,167,US,mobile
2025-04-06 15:29:44,95664,/about,261,India,mobile
2025-04-07 03:10:05,47937,/home,173,US,tablet
2025-04-07 04:38:30,25999,/services,286,Aus,mobile
2025-04-07 10:55:30,26693,/home,113,India,desktop
2025-04-06 18:53:03,68195,/home,183,US,mobile
2025-04-07 04:26:06,18883,/contact,195,Swiss,desktop
2025-04-07 09:44:59,95128,/home,274,US,tablet
2025-04-07 08:48:52,96906,/contact,286,Aus,tablet
2025-04-07 14:34:53,83180,/about,124,Swiss,mobile
2025-04-07 03:34:52,36098,/about,237,Swiss,desktop
2025-04-07 07:24:33,96439,/about,242,Phill,mobile
2025-04-07 15:14:45,39993,/home,146,Swiss,tablet
2025-04-06 18:00:57,53280,/about,159,Aus,tablet
2025-04-07 15:20:43,91967,/services,241,Phill,desktop
2025-04-07 03:19:41,51586,/about,195,Phill,tablet
2025-04-07 05:54:41,22414,/about,243,Swiss,tablet
2025-04-07 03:12:15,27057,/home,167,Aus,mobile
2025-04-06 21:33:08,55964,/home,208,US,tablet
2025-04-07 01:57:25,93988,/about,180,Swiss,desktop
2025-04-07 13:13:21,37984,/contact,192,Swiss,desktop
2025-04-07 05:22:32,28106,/home,171,Swiss,tablet
2025-04-07 13:34:42,34193,/services,126,Swiss,tablet
2025-04-07 05:40:39,34497,/services,135,Swiss,tablet
2025-04-07 10:03:43,11591,/home,225,India,desktop
2025-04-07 03:59:28,93063,/contact,171,US,mobile
2025-04-07 02:32:58,43636,/about,265,India,desktop
2025-04-07 04:54:08,12783,/home,113,India,mobile
2025-04-06 17:52:03,44158,/services,187,Aus,tablet
2025-04-06 18:41:18,97740,/home,150,US,mobile
2025-04-06 16:32:51,35418,/services,260,Phill,tablet
2025-04-07 08:58:20,83241,/about,241,US,tablet
2025-04-06 18:45:41,62729,/home,262,Swiss,desktop
2025-04-06 18:35:27,78830,/services,286,India,desktop
2025-04-06 17:37:59,89269,/services,136,Swiss,tablet
2025-04-06 18:06:38,36634,/services,189,Aus,mobile
2025-04-07 03:43:56,30547,/contact,146,Aus,tablet
2025-04-06 21:41:39,22774,/contact,116,Swiss,tablet
2025-04-07 09:58:05,57075,/home,224,Aus,mobile
2025-04-06 23:39:33,52408,/services,127,US,desktop
2025-04-06 21:04:10,97646,/about,220,Aus,tablet
2025-04-07 11:22:09,49536,/about,198,Swiss,tablet
2025-04-06 16:02:19,12375,/about,198,US,mobile
2025-04-07 02:57:43,28376,/services,193,Aus,mobile
2025-04-06 18:25:55,39392,/contact,292,Swiss,tablet
2025-04-06 18:39:19,37532,/home,147,US,mobile
2025-04-07 10:57:06,58828,/home,221,US,tablet
2025-04-06 23:32:38,68618,/services,225,Swiss,mobile
2025-04-06 18:16:27,42060,/about,171,India,tablet
2025-04-06 21:33:18,91188,/home,255,Aus,tablet
2025-04-06 20:04:54,34124,/contact,164,Aus,mobile
2025-04-07 08:21:52,34041,/contact,158,India,desktop
2025-04-07 11:01:20,65139,/services,225,Phill,mobile
2025-04-07 02:52:13,20846,/about,216,Aus,desktop
2025-04-07 01:14:23,58601,/contact,106,Swiss,desktop
2025-04-07 13:45:16,39266,/contact,236,India,desktop
2025-04-07 12:32:37,14491,/home,254,Aus,mobile
2025-04-07 10:23:29,37554,/services,270,Aus,desktop
2025-04-07 15:23:58,16445,/contact,274,US,tablet
2025-04-07 10:47:51,53198,/home,149,Swiss,desktop
2025-04-07 00:56:41,88126,/contact,294,US,mobile
2025-04-06 21:38:44,41618,/home,188,US,tablet
2025-04-07 03:47:53,89437,/home,266,Phill,mobile
2025-04-06 17:52:43,59723,/services,181,US,mobile
2025-04-07 01:52:26,95675,/about,249,US,mobile
2025-04-07 09:35:11,19467,/services,115,Phill,desktop
2025-04-07 08:26:14,88209,/about,297,India,tablet
2025-04-07 14:22:57,15979,/services,276,India,desktop
2025-04-07 04:58:24,12338,/about,224,Swiss,tablet
2025-04-06 19:15:06,20931,/home,102,Aus,mobile
2025-04-07 03:33:42,37006,/home,169,Swiss,desktop
2025-04-07 14:49:35,52602,/services,159,India,desktop
2025-04-07 07:55:34,70822,/about,202,India,tablet
2025-04-06 23:01:55,39683,/services,146,India,tablet
2025-04-06 16:17:15,33900,/home,253,Aus,mobile
2025-04-07 04:50:56,27938,/about,277,Swiss,desktop
2025-04-07 15:17:29,71563,/home,115,Phill,mobile
2025-04-07 14:23:40,19879,/services,260,US,tablet
2025-04-06 19:09:42,31890,/contact,114,Aus,mobile
2025-04-06 16:26:07,26474,/contact,252,Aus,desktop
2025-04-06 19:43:40,26134,/services,269,US,desktop
2025-04-06 23:55:41,52811,/about,225,Phill,mobile
2025-04-06 16:42:51,12081,/contact,128,Swiss,mobile
2025-04-07 01:04:16,65669,/about,221,Phill,tablet
2025-04-06 23:46:02,27807,/about,192,US,desktop
2025-04-06 20:15:34,71909,/about,131,Aus,tablet
2025-04-07 05:48:04,99388,/home,189,US,tablet
2025-04-06 22:50:43,23450,/about,166,Swiss,desktop
2025-04-07 02:15:51,74215,/contact,148,Phill,desktop
2025-04-07 12:12:24,45081,/services,207,US,desktop
2025-04-06 23:46:32,38634,/contact,239,Aus,mobile
2025-04-07 08:54:37,92201,/about,231,US,desktop
2025-04-07 01:47:25,33473,/services,133,Phill,mobile
2025-04-07 08:26:45,43408,/home,296,India,mobile
2025-04-07 07:06:19,28070,/about,267,US,mobile
2025-04-07 05:16:21,24280,/about,202,Aus,tablet
2025-04-07 08:48:12,45355,/services,151,Swiss,tablet
2025-04-07 00:42:11,32645,/services,251,US,mobile
2025-04-06 23:49:15,56245,/contact,206,US,desktop
2025-04-07 06:31:40,86550,/home,165,Swiss,desktop
2025-04-07 09:36:54,14392,/about,242,US,mobile
2025-04-07 14:20:58,35630,/services,139,Phill,tablet
2025-04-06 19:04:13,74007,/services,132,India,desktop
2025-04-07 02:37:37,43677,/services,187,Phill,tablet
2025-04-07 11:35:22,98202,/about,199,India,desktop
2025-04-07 08:02:11,20656,/about,168,US,desktop
2025-04-07 13:25:18,14975,/about,213,Phill,tablet
2025-04-07 11:35:14,78945,/home,178,Phill,mobile
2025-04-06 20:50:05,49255,/services,152,Aus,desktop
2025-04-07 13:48:06,44801,/home,257,Phill,tablet
2025-04-07 07:58:57,27259,/contact,101,Swiss,desktop
2025-04-07 05:50:50,93942,/contact,249,India,mobile
2025-04-07 07:10:48,10343,/services,274,US,tablet
2025-04-06 20:22:53,65873,/contact,159,US,desktop
2025-04-07 10:52:53,82845,/about,282,Aus,mobile
2025-04-06 17:57:32,74209,/about,183,India,tablet
2025-04-07 11:42:11,99387,/home,230,India,desktop
2025-04-07 14:48:40,20108,/home,211,Aus,mobile
2025-04-07 00:10:04,80780,/services,214,Swiss,desktop
2025-04-06 16:43:52,35879,/services,269,Phill,mobile
2025-04-06 21:37:05,99663,/home,198,Aus,desktop
2025-04-06 15:34:06,40010,/home,238,US,mobile
2025-04-06 21:16:51,91288,/contact,209,Aus,desktop
2025-04-07 11:10:01,20364,/home,196,Aus,desktop
2025-04-06 16:47:07,43055,/home,190,India,tablet
2025-04-06 22:37:36,12783,/contact,143,US,mobile
2025-04-07 09:49:03,72589,/home,238,US,tablet
2025-04-07 13:11:47,66274,/home,245,US,desktop
2025-04-07 02:53:48,19117,/about,184,India,tablet
2025-04-07 03:22:57,35540,/home,223,US,tablet
2025-04-07 05:26:58,46947,/services,229,India,tablet
2025-04-07 05:39:42,94267,/contact,151,India,desktop
2025-04-07 03:50:58,71222,/services,183,India,mobile
2025-04-06 19:49:18,94861,/services,184,Aus,mobile
2025-04-07 04:13:03,95134,/services,285,Phill,tablet
2025-04-07 05:51:08,44754,/home,141,Phill,tablet
2025-04-07 02:18:40,19044,/services,229,Swiss,tablet
2025-04-06 23:03:20,91530,/about,181,Swiss,mobile
2025-04-07 14:23:19,11718,/services,280,India,desktop
2025-04-07 03:19:32,81274,/contact,191,Phill,tablet
2025-04-07 09:56:44,35529,/contact,190,India,tablet
2025-04-07 09:09:44,81299,/contact,289,Swiss,tablet
2025-04-07 10:42:12,29399,/home,136,Aus,mobile
2025-04-06 16:52:29,75206,/about,253,Aus,tablet
2025-04-07 08:32:54,36298,/services,271,India,tablet
2025-04-07 08:06:18,71688,/home,185,Aus,tablet
2025-04-06 17:02:00,29095,/services,130,Swiss,tablet
2025-04-07 07:45:00,17288,/home,248,US,desktop
2025-04-06 22:03:15,15799,/contact,170,India,desktop
2025-04-06 20:16:53,88922,/services,269,Swiss,tablet
2025-04-07 13:49:30,25917,/services,268,Aus,tablet
2025-04-07 07:52:20,56966,/services,200,India,tablet
2025-04-07 02:06:43,58553,/contact,212,India,tablet
2025-04-06 15:53:36,18879,/about,300,US,mobile
2025-04-06 21:12:38,54457,/about,226,US,desktop
2025-04-07 00:22:47,88686,/contact,119,Phill,mobile
2025-04-07 13:32:26,20784,/home,110,Phill,mobile
2025-04-07 13:58:39,23873,/contact,260,India,mobile
2025-04-06 15:41:37,53722,/home,267,US,tablet
2025-04-07 15:08:26,70067,/about,238,Phill,desktop
2025-04-06 22:26:24,96661,/services,297,US,tablet
2025-04-06 16:31:13,31749,/about,141,Phill,mobile
2025-04-07 07:52:58,38411,/contact,230,Aus,tablet
2025-04-07 01:05:33,44488,/about,250,India,tablet
2025-04-07 14:40:07,30809,/services,266,India,tablet
2025-04-07 06:07:33,17497,/about,246,India,mobile
2025-04-07 11:55:41,15492,/about,184,India,desktop
2025-04-07 08:49:35,78759,/about,224,India,desktop
2025-04-07 15:20:26,15422,/services,124,India,tablet
2025-04-07 08:41:18,59622,/about,254,Aus,desktop
2025-04-07 13:50:48,52290,/contact,209,Phill,tablet
2025-04-07 00:33:07,90626,/about,145,Phill,mobile
2025-04-07 14:49:35,57251,/home,286,Swiss,desktop
2025-04-07 02:29:41,24227,/contact,153,Phill,desktop
2025-04-06 22:15:44,35097,/services,283,India,mobile
2025-04-06 16:21:52,65237,/home,186,Aus,tablet
2025-04-06 21:24:35,22639,/contact,153,India,desktop
2025-04-06 23:08:07,92238,/home,162,India,tablet
2025-04-07 13:37:20,69273,/about,170,US,mobile
2025-04-07 14:00:46,40056,/contact,169,Swiss,tablet
2025-04-07 09:20:42,81108,/home,201,Aus,desktop
2025-04-07 00:35:06,91480,/home,188,Aus,desktop
2025-04-07 06:20:04,63785,/contact,164,India,tablet
2025-04-06 17:30:31,13331,/home,192,US,tablet
2025-04-06 21:16:09,51297,/home,149,India,tablet
2025-04-07 10:02:44,94129,/home,184,India,mobile
2025-04-06 18:57:59,66227,/contact,135,US,tablet
2025-04-07 03:02:34,99382,/contact,112,US,mobile
2025-04-07 09:55:29,41970,/about,238,Phill,desktop
2025-04-07 04:01:17,21790,/home,245,Swiss,mobile
2025-04-07 01:26:50,98262,/about,221,India,mobile
2025-04-07 00:59:49,24012,/home,184,India,tablet
2025-04-07 01:37:38,60653,/home,300,India,tablet
2025-04-06 23:06:31,25045,/contact,158,Swiss,tablet
2025-04-07 10:03:14,47514,/home,186,India,desktop
2025-04-07 11:39:16,11259,/services,259,Aus,mobile
2025-04-06 18:32:07,51593,/contact,222,Swiss,mobile
2025-04-07 00:45:23,98828,/services,274,Aus,mobile
2025-04-07 09:17:29,13701,/about,253,Phill,mobile
2025-04-06 15:44:06,76237,/contact,290,US,desktop
2025-04-07 07:31:45,21887,/contact,106,Phill,mobile
2025-04-07 07:22:13,64300,/contact,218,Phill,tablet
2025-04-07 10:25:33,71559,/home,192,Swiss,desktop
2025-04-07 13:05:27,51580,/home,296,Aus,desktop
2025-04-07 08:53:21,45219,/contact,161,India,desktop
2025-04-07 06:55:26,43517,/about,258,Swiss,tablet
2025-04-06 20:01:42,69385,/contact,156,India,desktop
2025-04-06 21:08:15,24676,/services,198,India,mobile
2025-04-07 09:28:01,46313,/about,140,India,tablet
2025-04-06 19:30:39,72488,/home,178,US,mobile
2025-04-07 07:04:37,50477,/home,170,Phill,desktop
2025-04-06 23:52:37,89123,/about,133,Swiss,desktop
2025-04-07 06:52:20,87579,/about,242,India,tablet
2025-04-07 08:01:25,90095,/about,158,Phill,mobile
2025-04-06 19:17:03,96704,/contact,182,India,desktop
2025-04-06 19:24:07,34983,/services,267,US,tablet
2025-04-07 06:35:38,75622,/services,186,India,tablet
2025-04-07 13:02:57,14569,/services,149,Aus,desktop
2025-04-07 00:26:03,45001,/contact,140,India,desktop
2025-04-07 01:02:34,15763,/contact,232,US,mobile
2025-04-07 12:09:01,73936,/about,150,US,desktop
2025-04-07 10:02:51,91224,/contact,115,Aus,mobile
2025-04-07 02:17:29,82460,/services,240,Aus,mobile
2025-04-07 01:42:58,57715,/services,295,US,desktop
2025-04-07 07:13:07,71614,/contact,295,Aus,mobile
2025-04-07 08:09:39,62233,/home,295,India,tablet
2025-04-06 17:26:13,25705,/about,146,Phill,mobile
2025-04-07 03:23:46,25870,/about,113,Aus,tablet
2025-04-07 11:08:45,15567,/about,203,India,tablet
2025-04-07 12:52:48,44666,/home,288,Aus,desktop
2025-04-07 04:16:50,21552,/home,178,US,tablet
2025-04-07 11:18:11,64012,/home,197,Swiss,desktop
2025-04-07 07:28:24,86886,/home,233,India,mobile
2025-04-07 01:41:51,14439,/services,196,Aus,desktop
2025-04-06 17:34:16,47812,/services,155,Swiss,tablet
2025-04-06 21:15:19,71657,/home,145,Phill,tablet
2025-04-07 00:00:18,34117,/contact,224,Aus,mobile
2025-04-06 22:54:04,74935,/services,263,Phill,desktop
2025-04-06 23:26:07,44402,/contact,214,India,tablet
2025-04-07 13:45:27,37182,/services,193,India,tablet
2025-04-07 12:45:21,70469,/about,111,Aus,tablet
2025-04-07 00:09:31,28408,/home,210,Swiss,mobile
2025-04-07 06:31:57,47896,/contact,253,Phill,mobile
2025-04-07 13:02:38,68269,/about,233,India,mobile
2025-04-07 02:20:24,70256,/home,147,Swiss,tablet
2025-04-07 13:32:21,17152,/about,183,Aus,desktop
2025-04-07 08:18:22,53073,/contact,231,India,desktop
2025-04-07 02:31:08,45283,/services,114,Aus,mobile
2025-04-07 02:51:17,71843,/services,185,India,desktop
2025-04-07 09:07:11,49566,/home,105,US,desktop
2025-04-07 05:59:36,98858,/services,249,Swiss,tablet
2025-04-07 05:06:47,81134,/contact,162,Aus,desktop
2025-04-06 17:52:16,84575,/about,206,Phill,tablet
2025-04-06 22:35:32,82381,/about,217,Swiss,desktop
2025-04-06 19:27:14,11312,/home,103,India,desktop
2025-04-07 06:39:32,93611,/services,240,Swiss,desktop
2025-04-07 07:04:22,83219,/about,232,India,desktop
2025-04-06 23:48:27,95497,/home,155,India,tablet
2025-04-06 20:25:00,28120,/home,159,India,tablet
2025-04-06 16:44:22,14513,/services,291,US,tablet
2025-04-06 17:37:07,34414,/about,189,Aus,tablet
2025-04-07 06:31:17,79999,/about,272,Swiss,mobile
2025-04-07 02:24:01,15468,/about,213,Swiss,tablet
2025-04-07 12:51:13,62196,/about,274,US,tablet
2025-04-06 21:34:05,21146,/home,212,US,tablet
2025-04-07 06:57:48,93960,/services,295,Aus,mobile
2025-04-07 01:20:13,77106,/contact,241,Phill,mobile
2025-04-06 23:50:14,70806,/contact,161,Phill,mobile
2025-04-06 17:47:07,81409,/services,250,India,mobile
2025-04-06 19:17:42,59703,/about,274,Phill,mobile
2025-04-07 15:01:52,69354,/home,122,Aus,tablet
2025-04-06 15:57:46,10574,/home,143,Swiss,tablet
2025-04-07 06:12:14,12749,/services,274,Swiss,desktop
2025-04-07 15:15:02,57683,/home,266,Aus,mobile
2025-04-07 08:53:47,95224,/services,255,Aus,tablet
2025-04-07 05:19:46,32313,/home,197,Phill,tablet
2025-04-06 22:29:39,69676,/home,185,Swiss,tablet
2025-04-07 04:35:58,30385,/about,178,US,tablet
2025-04-06 21:39:04,86953,/contact,237,India,tablet
2025-04-06 18:33:23,50398,/services,112,India,tablet
2025-04-07 08:57:45,31925,/contact,212,Aus,desktop
2025-04-07 02:13:21,51515,/about,215,India,tablet
2025-04-06 23:41:03,48943,/contact,194,Aus,tablet
2025-04-06 23:44:25,27643,/services,158,Phill,tablet
2025-04-06 23:17:23,92570,/services,251,Aus,mobile
2025-04-07 03:21:22,54810,/services,169,India,tablet
2025-04-07 02:45:58,14292,/about,262,US,desktop
2025-04-07 05:01:13,78300,/contact,166,Aus,desktop
2025-04-06 20:19:42,26888,/services,132,Aus,mobile
2025-04-07 01:18:47,76300,/about,131,US,desktop
2025-04-07 13:15:16,30175,/home,191,Phill,mobile
2025-04-07 15:06:55,77782,/contact,129,India,desktop
2025-04-07 14:42:28,29882,/services,274,Swiss,tablet
2025-04-06 23:32:05,11559,/services,242,Swiss,desktop
2025-04-07 01:57:37,90116,/home,165,US,tablet
2025-04-07 12:01:09,82601,/home,127,Swiss,mobile
2025-04-07 01:15:10,94364,/services,187,US,desktop
2025-04-07 06:17:35,68160,/services,100,India,desktop
2025-04-07 07:50:01,43393,/home,136,Swiss,tablet
2025-04-07 13:30:39,86640,/about,154,US,tablet
2025-04-07 00:52:13,40041,/contact,175,India,desktop
2025-04-07 14:56:11,26150,/contact,144,Phill,tablet
2025-04-06 18:20:32,33563,/services,111,US,desktop
2025-04-07 03:36:42,64533,/services,253,Phill,mobile
2025-04-06 17:28:21,57794,/home,214,US,desktop
2025-04-07 01:04:10,58937,/services,201,India,mobile
2025-04-07 09:56:53,83750,/home,198,Swiss,mobile
2025-04-06 20:33:10,81645,/services,117,Phill,mobile
2025-04-06 20:09:00,38687,/services,126,Aus,mobile
2025-04-06 18:55:30,57190,/contact,176,India,tablet
2025-04-07 02:18:23,54265,/home,282,Phill,tablet
2025-04-06 19:14:31,99779,/contact,297,India,mobile
2025-04-07 05:57:53,76142,/home,128,India,desktop
2025-04-06 20:07:23,61864,/contact,138,India,tablet
2025-04-07 08:09:35,85746,/about,218,Aus,tablet
2025-04-06 23:19:41,25741,/services,133,Phill,mobile
2025-04-06 23:43:09,95529,/contact,155,India,desktop
2025-04-07 02:35:09,36200,/home,212,Aus,desktop
2025-04-07 12:48:10,57048,/services,173,US,tablet
2025-04-07 02:04:27,22666,/contact,114,US,mobile
2025-04-06 23:54:37,98879,/about,171,India,desktop
2025-04-07 10:13:17,38104,/home,227,Phill,tablet
2025-04-06 22:58:40,71241,/contact,210,Phill,mobile
2025-04-07 05:38:39,95280,/contact,149,US,mobile
2025-04-06 19:13:19,32903,/home,138,US,tablet
2025-04-07 00:38:38,66789,/about,119,US,mobile
2025-04-06 21:22:58,30242,/about,100,Phill,mobile
2025-04-07 09:16:09,79218,/home,280,US,mobile
2025-04-06 20:19:15,32807,/about,271,US,tablet
2025-04-07 00:06:45,63843,/services,118,US,tablet
2025-04-07 07:37:45,95412,/contact,279,Aus,tablet
2025-04-07 01:42:33,83964,/contact,149,India,mobile
2025-04-07 11:31:56,25877,/about,294,Swiss,desktop
2025-04-07 12:27:27,44445,/services,146,US,mobile
2025-04-07 14:04:01,99472,/services,299,Swiss,mobile
2025-04-07 09:36:57,34044,/services,173,US,desktop
2025-04-06 20:47:08,57908,/services,174,Swiss,mobile
2025-04-06 17:02:57,59260,/contact,198,Phill,mobile
2025-04-07 02:00:07,72825,/home,214,India,desktop
2025-04-07 05:30:13,27722,/contact,164,Swiss,tablet
2025-04-07 02:35:28,85643,/contact,214,US,desktop
2025-04-07 05:54:55,51275,/about,140,Aus,mobile
2025-04-07 00:41:37,91948,/about,241,Swiss,tablet
2025-04-06 22:45:39,76123,/services,102,Swiss,mobile
2025-04-07 07:02:11,61599,/services,223,US,mobile
2025-04-06 18:34:49,29909,/home,249,Swiss,tablet
2025-04-06 16:42:22,12814,/home,297,India,desktop
2025-04-07 00:15:02,30167,/services,293,Swiss,desktop
2025-04-06 22:45:38,99440,/contact,146,Phill,mobile
2025-04-07 05:18:36,40779,/home,112,US,desktop
2025-04-06 20:27:34,26082,/about,176,US,mobile
2025-04-07 09:57:01,20476,/about,204,India,tablet
2025-04-06 16:44:21,34000,/services,151,Phill,tablet
2025-04-07 05:38:08,32916,/services,189,Swiss,tablet
2025-04-06 16:10:14,59902,/contact,101,Swiss,desktop
